SampleID,Total_n,OSL_n,SL_n,Lake,Project,Transect,Control,Lat,Log,Locus,Anguilla_anguilla,Astatotilapia_calliptera,Abramis_brama,Alburnus_alburnus,Blicca_bjoerkna,Carassius_carassius,Cyprinus_carpio,Gobio_gobio,Leucaspius_delineatus,Leuciscus_idus,Phoxinus_phoxinus,Pseudorasbora_parva,Rhodeus_amarus,Rutilus_rutilus,Scardinius_erythrophthalmus,Squalius_cephalus,Tinca_tinca,Esox_lucius,Cottus_gobio,Gasterosteus_aculeatus,Pungitius_pungitius,Oncorhynchus_mykiss,Salmo_salar,Salmo_trutta,Salvelinus_alpinus,Thymallus_thymallus,Lampetra_fluviatilis,Perca_fluviatilis,unassigned
BET01,20,10,10,Betley_Mere,Mere,OSL,,53.028465,-2.374489,12S,0,0,196,0,0,0,129,0,0,0,0,0,0,7,0,0,62,0,0,76,0,0,0,0,0,0,0,0,4596
BET02,20,10,10,Betley_Mere,Mere,OSL,,53.028768,-2.37516,12S,0,0,0,0,0,0,0,0,0,0,0,0,0,178,0,0,0,0,0,505,0,0,0,0,0,0,0,0,8879
BET03,20,10,10,Betley_Mere,Mere,OSL,,53.028132,-2.374843,12S,0,0,515,0,0,0,0,0,0,0,0,0,0,175,4,0,0,57,0,0,0,0,0,0,0,0,0,82,12699
BET04,20,10,10,Betley_Mere,Mere,OSL,,53.028419,-2.375422,12S,0,0,682,0,0,0,0,0,0,0,0,0,0,152,0,0,37,0,0,0,0,0,0,0,0,0,0,70,34253
BET05,20,10,10,Betley_Mere,Mere,OSL,,53.027651,-2.375466,12S,0,0,1234,0,0,0,43,0,0,0,0,0,0,27,0,0,0,0,0,0,0,0,0,0,0,0,0,0,29038
BET06,20,10,10,Betley_Mere,Mere,OSL,,53.028119,-2.375814,12S,0,0,372,0,0,0,0,0,0,0,0,0,0,148,18,0,0,0,0,4,0,0,0,0,0,0,0,164,15873
BET07,20,10,10,Betley_Mere,Mere,OSL,,53.0279,-2.37671,12S,0,0,949,0,0,0,37,0,0,0,0,0,0,160,0,0,35,0,0,152,0,0,0,0,0,0,0,54,31129
BET08,20,10,10,Betley_Mere,Mere,OSL,,53.027361,-2.376581,12S,0,18,41,3,0,0,0,0,0,0,0,88,0,0,0,0,107,0,0,0,0,0,0,0,0,0,0,0,5274
BET09,20,10,10,Betley_Mere,Mere,OSL,,53.027468,-2.377509,12S,0,0,2493,0,6,0,0,0,0,0,0,0,0,150,0,0,257,12,0,26,0,0,0,118,0,0,0,58,18259
BET10,20,10,10,Betley_Mere,Mere,OSL,,53.028178,-2.377541,12S,0,0,650,0,0,0,0,0,0,0,0,0,0,11,0,0,0,0,0,134,0,0,0,0,0,0,0,0,7742
BET11,20,10,10,Betley_Mere,Mere,SL,,53.028369,-2.378035,12S,0,0,649,0,0,0,0,0,0,0,0,0,0,7,0,0,160,0,0,0,0,0,0,0,0,0,0,32,9547
BET12,20,10,10,Betley_Mere,Mere,SL,,53.02784,-2.378368,12S,0,0,1782,9,5,0,0,239,0,0,0,0,0,1645,0,0,40,0,0,228,0,0,0,0,0,0,0,10,44021
BET13,20,10,10,Betley_Mere,Mere,SL,,53.027169,-2.378357,12S,0,0,6,0,0,0,0,0,0,0,0,0,0,0,0,0,0,0,0,0,0,0,0,0,0,0,0,0,2479
BET14,20,10,10,Betley_Mere,Mere,SL,,53.026963,-2.375428,12S,0,0,1125,3,0,67,89,0,0,0,0,0,0,492,0,0,104,228,0,0,0,0,0,0,0,0,0,242,30423
BET15,20,10,10,Betley_Mere,Mere,SL,,53.027495,-2.374677,12S,0,0,84,3,0,0,136,0,0,0,3,0,0,398,0,0,4,0,0,105,0,0,0,0,0,0,0,43,32707
BET16,20,10,10,Betley_Mere,Mere,SL,,53.028453,-2.37391,12S,0,12,111,0,0,101,0,51,0,0,0,0,0,130,0,0,0,11,0,0,0,0,0,0,0,0,0,372,14377
BET17,20,10,10,Betley_Mere,Mere,SL,,53.029385,-2.374736,12S,0,0,22,0,0,0,7,0,0,0,0,0,0,60,0,0,0,0,0,18,0,0,0,0,0,0,0,0,4292
BET18,20,10,10,Betley_Mere,Mere,SL,,53.028675,-2.375932,12S,0,0,137,4,0,0,0,0,0,0,0,0,0,491,0,0,0,0,0,177,0,0,0,0,0,0,0,140,6823
BET19,20,10,10,Betley_Mere,Mere,SL,,53.028252,-2.376447,12S,0,3,4,0,0,0,0,0,0,0,0,0,0,0,0,0,0,0,0,0,0,0,0,0,0,0,0,0,553
BET20,20,10,10,Betley_Mere,Mere,SL,,53.028507,-2.377203,12S,0,0,79,0,0,0,0,0,0,0,3,0,0,6,0,0,0,0,0,0,0,0,0,0,0,0,0,0,1571
BETB1,,,,Betley_Mere,Mere,Control,Blank1,,,12S,0,6,0,0,0,0,0,0,0,0,0,0,0,0,0,0,0,0,0,0,0,0,0,0,0,0,0,0,35
BETB2,,,,Betley_Mere,Mere,Control,Blank2,,,12S,0,0,0,0,0,0,0,0,0,0,0,0,0,0,0,0,0,0,0,0,0,0,0,0,0,0,0,0,87
BETNEG,,,,Betley_Mere,Mere,Control,Neg1,,,12S,0,6,0,0,0,0,0,0,0,0,0,0,0,3,0,0,0,0,0,0,0,0,0,0,0,0,0,0,59
BETPOS,,,,Betley_Mere,Mere,Control,POS1,,,12S,0,9947,0,464,0,79,0,36,6,0,43,0,0,0,0,0,0,0,0,0,0,0,0,0,0,0,0,0,4696
LLB01,10,0,10,Llan_Bwch-llyn,Lake,SL,,52.108399,-3.284131,12S,0,0,0,0,0,0,0,0,0,0,0,0,0,154,0,0,0,1910,0,0,0,0,0,0,0,0,0,2696,77941
LLB02,10,0,10,Llan_Bwch-llyn,Lake,SL,,52.10759,-3.283355,12S,0,0,0,0,0,0,0,0,0,0,0,0,0,947,0,0,0,1307,0,0,0,0,0,0,0,0,0,272,4408
LLB03,10,0,10,Llan_Bwch-llyn,Lake,SL,,52.107172,-3.283673,12S,0,0,0,3,0,0,0,0,0,0,0,0,0,406,0,0,0,1670,0,0,0,0,0,0,0,0,0,412,22662
LLB04,10,0,10,Llan_Bwch-llyn,Lake,SL,,52.107285,-3.285593,12S,0,0,0,12,0,0,0,0,0,0,0,0,0,2595,0,0,0,4,0,0,0,0,0,0,0,0,0,2418,4790
LLB05,10,0,10,Llan_Bwch-llyn,Lake,SL,,52.107287,-3.287708,12S,0,43,0,13,0,3,0,0,0,0,0,0,0,3253,0,0,0,1590,0,0,0,0,0,0,0,0,0,12796,15392
LLB06,10,0,10,Llan_Bwch-llyn,Lake,SL,,52.107427,-3.289991,12S,0,0,0,0,0,0,0,0,0,0,0,0,0,0,0,0,0,259,0,0,0,0,0,0,0,0,0,324,2137
LLB07,10,0,10,Llan_Bwch-llyn,Lake,SL,,52.108279,-3.290916,12S,0,0,0,0,0,0,0,0,0,0,0,0,0,355,0,0,0,2969,0,0,0,0,0,0,0,0,0,220,4974
LLB08,10,0,10,Llan_Bwch-llyn,Lake,SL,,52.109413,-3.289418,12S,0,0,0,28,0,0,0,0,0,0,0,0,0,4668,0,0,0,4075,0,0,0,0,0,0,0,0,0,688,30356
LLB09,10,0,10,Llan_Bwch-llyn,Lake,SL,,52.109308,-3.288055,12S,0,15,0,23,0,0,0,0,0,0,0,0,0,390,0,0,0,18976,0,0,0,0,0,0,0,0,0,2211,18034
LLB10,10,0,10,Llan_Bwch-llyn,Lake,SL,,52.109275,-3.286231,12S,0,8,278,0,0,0,0,0,0,0,0,0,0,135,0,0,0,6493,0,0,0,0,0,0,0,0,0,2031,20122
LLBB1,,,,Llan_Bwch-llyn,Lake,Control,Blank1,,,12S,0,5,0,0,0,0,0,0,0,0,0,0,0,0,0,0,0,20,0,0,0,0,0,0,0,0,0,0,429
LLBNEG,,,,Llan_Bwch-llyn,Lake,Control,Neg1,,,12S,0,4,0,0,0,0,0,0,0,0,0,0,0,4,0,0,0,8,0,0,0,0,0,0,0,0,0,5,23
LLBPOS,,,,Llan_Bwch-llyn,Lake,Control,POS1,,,12S,0,32798,0,2289,0,353,0,5,9,0,321,0,0,8,7,0,0,25,0,0,0,0,0,0,0,0,0,27,20139
CAM01,20,10,10,Chapel_Mere,Mere,SL,,53.061855,-2.685907,12S,0,0,0,0,0,0,0,0,0,0,0,0,0,17,0,0,425,272,0,0,0,0,0,0,0,0,0,829,17524
CAM02,20,10,10,Chapel_Mere,Mere,SL,,53.061325,-2.686309,12S,0,0,0,0,0,0,0,0,0,0,0,0,0,0,0,0,0,0,0,0,0,0,0,0,0,0,0,18,109
CAM03,20,10,10,Chapel_Mere,Mere,SL,,53.060957,-2.687162,12S,0,0,0,0,0,0,0,0,0,0,0,0,0,0,0,0,197,40,0,0,0,0,0,0,0,0,0,2708,11705
CAM04,20,10,10,Chapel_Mere,Mere,SL,,53.060677,-2.688498,12S,3,0,0,0,0,0,0,0,0,0,0,0,0,4,0,0,37,135,0,0,0,0,0,0,0,0,0,5466,32328
CAM05,20,10,10,Chapel_Mere,Mere,SL,,53.061152,-2.688995,12S,0,0,0,0,0,0,0,0,0,0,0,0,0,0,0,0,109,0,0,0,0,0,0,0,0,0,0,2257,9291
CAM06,20,10,10,Chapel_Mere,Mere,SL,,53.06199,-2.689226,12S,0,0,0,0,0,0,0,0,0,0,0,0,0,0,0,0,0,169,0,0,0,0,0,0,0,0,0,3428,14966
CAM07,20,10,10,Chapel_Mere,Mere,SL,,53.062735,-2.689454,12S,0,0,0,0,0,0,0,0,0,0,0,0,0,0,0,0,0,0,0,0,0,0,0,0,0,0,0,14,364
CAM08,20,10,10,Chapel_Mere,Mere,SL,,53.063289,-2.688692,12S,0,9,0,0,0,0,0,0,0,0,0,0,0,0,0,0,55,66,0,0,0,0,0,0,0,0,0,2225,10585
CAM09,20,10,10,Chapel_Mere,Mere,SL,,53.063083,-2.687464,12S,0,0,0,0,0,0,0,0,0,0,0,0,0,0,0,0,0,0,0,0,0,0,0,0,0,0,0,6,3294
CAM10,20,10,10,Chapel_Mere,Mere,SL,,53.062674,-2.686375,12S,0,0,0,0,0,0,0,0,0,0,0,0,0,0,0,0,170,310,0,264,0,0,0,0,0,0,0,2197,15651
CAM11,20,10,10,Chapel_Mere,Mere,OSL,,53.061605,-2.686856,12S,0,0,0,0,0,0,0,0,0,0,0,0,0,0,0,0,362,72,0,0,0,0,0,0,0,0,0,2662,29819
CAM12,20,10,10,Chapel_Mere,Mere,OSL,,53.061183,-2.687537,12S,0,0,0,0,0,0,0,0,0,0,0,0,0,3,0,0,417,250,0,0,0,0,0,0,0,0,0,2803,37233
CAM13,20,10,10,Chapel_Mere,Mere,OSL,,53.060961,-2.688524,12S,0,0,0,0,0,0,0,0,0,0,0,0,0,0,0,0,191,168,0,24,0,0,0,0,0,0,0,1427,18500
CAM14,20,10,10,Chapel_Mere,Mere,OSL,,53.061477,-2.688572,12S,0,4,0,0,0,0,0,0,0,0,0,0,0,12,0,0,0,0,0,0,0,0,0,0,0,0,0,997,11837
CAM15,20,10,10,Chapel_Mere,Mere,OSL,,53.061716,-2.687574,12S,0,0,0,0,0,0,0,0,0,0,0,0,0,0,0,0,3,0,0,44,0,0,0,0,0,0,0,1059,12860
CAM16,20,10,10,Chapel_Mere,Mere,OSL,,53.062009,-2.68869,12S,0,4,0,0,0,0,0,0,0,0,0,0,0,0,109,0,177,126,0,0,0,0,0,0,0,0,0,728,11113
CAM17,20,10,10,Chapel_Mere,Mere,OSL,,53.062335,-2.687617,12S,0,0,0,0,0,0,33,0,0,0,0,0,0,0,0,0,405,85,0,194,0,0,0,0,0,0,0,1022,13937
CAM18,20,10,10,Chapel_Mere,Mere,OSL,,53.062586,-2.688652,12S,0,0,0,0,0,0,0,0,0,0,0,0,0,0,0,0,610,228,0,0,0,0,0,0,0,0,0,1425,22427
CAM19,20,10,10,Chapel_Mere,Mere,OSL,,53.062924,-2.687912,12S,0,3,0,0,0,0,0,0,0,0,0,0,0,0,0,0,0,0,0,0,0,0,0,0,0,0,0,63,2988
CAM20,20,10,10,Chapel_Mere,Mere,OSL,,53.06219,-2.686724,12S,0,4,0,0,0,0,0,0,0,0,0,0,0,0,0,0,278,0,0,0,0,0,0,0,0,0,0,2041,25490
CAMB1,,,,Chapel_Mere,Mere,Control,Blank1,,,12S,0,4,0,0,0,0,0,0,0,0,0,0,0,0,0,0,3,0,0,0,0,0,0,0,0,0,0,7,43
CAMB2,,,,Chapel_Mere,Mere,Control,Blank2,,,12S,0,3,0,0,0,0,0,0,0,0,0,0,0,0,0,0,0,0,0,0,0,0,0,0,0,0,0,11,280
CAMNEG,,,,Chapel_Mere,Mere,Control,Neg1,,,12S,0,5,0,0,0,0,0,0,0,0,0,0,0,0,0,0,0,0,0,0,0,0,0,0,0,0,0,3,18
CAMPOS,,,,Chapel_Mere,Mere,Control,POS1,,,12S,0,12865,0,525,0,0,0,28,7,0,316,0,0,0,5,0,0,0,0,0,0,0,0,0,0,0,0,6,9236
CWE01,20,10,10,Llyn_Cwellyn,Lake,OSL,,53.076838,-4.1603223,12S,402,0,0,0,0,0,0,0,0,0,157,0,0,0,0,0,0,0,0,0,0,0,0,773,428,0,0,0,9233
CWE02,20,10,10,Llyn_Cwellyn,Lake,OSL,,53.075897,-4.1591703,12S,0,0,0,0,0,0,0,0,0,0,7,0,0,4,0,0,0,0,0,0,0,0,0,6,10,0,0,0,881
CWE03,20,10,10,Llyn_Cwellyn,Lake,OSL,,53.075007,-4.1571701,12S,0,0,0,0,0,0,0,0,0,0,440,0,0,0,0,0,0,0,0,0,0,0,0,1787,1238,0,0,0,11991
CWE04,20,10,10,Llyn_Cwellyn,Lake,OSL,,53.074561,-4.1554757,12S,0,0,0,0,0,0,0,0,0,0,303,0,0,0,0,0,0,0,0,0,0,0,832,1388,4128,0,0,0,19802
CWE05,20,10,10,Llyn_Cwellyn,Lake,OSL,,53.073792,-4.1532726,12S,0,0,0,0,0,0,0,0,0,0,446,0,0,0,0,0,0,0,0,0,0,0,0,791,2282,0,0,0,30371
CWE06,20,10,10,Llyn_Cwellyn,Lake,OSL,,53.072361,-4.1508426,12S,0,0,0,0,0,0,0,0,0,0,69,0,0,68,0,0,0,0,0,0,0,0,273,345,434,0,0,375,15172
CWE07,20,10,10,Llyn_Cwellyn,Lake,OSL,,53.070918,-4.1481433,12S,0,0,0,0,0,0,0,0,0,0,336,0,0,0,0,0,0,0,0,0,0,0,317,723,307,0,0,0,11819
CWE08,20,10,10,Llyn_Cwellyn,Lake,OSL,,53.069706,-4.1460081,12S,0,29,0,0,0,0,0,0,0,0,189,0,0,0,0,0,0,0,0,0,0,0,0,1596,1392,0,0,55,16031
CWE09,20,10,10,Llyn_Cwellyn,Lake,OSL,,53.068943,-4.1444625,12S,0,0,0,0,0,0,0,0,0,0,4,0,0,0,0,0,0,0,0,0,0,0,0,12,7,0,0,0,104
CWE10,20,10,10,Llyn_Cwellyn,Lake,OSL,,53.067947,-4.1428755,12S,0,0,0,0,0,0,0,0,0,0,749,0,0,0,0,0,0,0,0,0,0,0,0,688,1432,0,0,0,16134
CWE11,20,10,10,Llyn_Cwellyn,Lake,SL,,53.067582,-4.1476488,12S,0,0,0,0,0,0,0,0,0,0,2405,0,0,5,0,0,0,0,0,0,0,0,273,2299,1232,6,0,0,15111
CWE12,20,10,10,Llyn_Cwellyn,Lake,SL,,53.070318,-4.1524872,12S,0,0,0,0,0,0,0,0,0,0,843,0,0,0,0,0,0,0,0,0,0,0,3,1390,2338,0,0,3,29845
CWE13,20,10,10,Llyn_Cwellyn,Lake,SL,,53.07259,-4.1565566,12S,0,0,0,0,0,0,0,0,0,0,762,0,0,0,0,0,0,0,0,0,0,0,0,1641,1980,0,0,0,30198
CWE14,20,10,10,Llyn_Cwellyn,Lake,SL,,53.074471,-4.1604277,12S,0,0,0,0,0,0,0,0,0,0,0,0,0,0,0,0,0,0,0,0,0,0,0,0,0,0,0,0,398
CWE15,20,10,10,Llyn_Cwellyn,Lake,SL,,53.076118,-4.1613611,12S,0,0,0,0,0,0,0,0,0,0,0,0,0,0,0,0,0,0,0,0,0,0,0,3,5,0,0,0,818
CWE16,20,10,10,Llyn_Cwellyn,Lake,SL,,53.078172,-4.1602725,12S,270,39,0,0,0,0,0,0,0,0,725,0,0,3,0,0,0,0,0,0,0,0,0,2052,362,3,0,0,8711
CWE17,20,10,10,Llyn_Cwellyn,Lake,SL,,53.076651,-4.1550422,12S,0,9,0,0,0,0,0,0,0,0,962,0,0,0,0,0,0,0,0,0,0,0,0,4515,499,6,0,0,16571
CWE18,20,10,10,Llyn_Cwellyn,Lake,SL,,53.073003,-4.1450965,12S,0,15,0,0,0,0,0,0,0,0,1327,0,0,0,0,0,0,0,0,0,0,0,0,1864,3,0,0,3,9780
CWE19,20,10,10,Llyn_Cwellyn,Lake,SL,,53.071855,-4.1430822,12S,0,14,0,0,0,0,0,0,0,0,11,0,0,0,0,0,0,0,0,0,0,0,0,17,5,0,0,0,274
CWE20,20,10,10,Llyn_Cwellyn,Lake,SL,,53.066337,-4.1434282,12S,0,25,0,0,0,0,0,0,0,0,7589,0,0,3,0,0,0,0,0,0,0,0,152,13276,2218,31,0,10,43826
CWEB1,,,,Llyn_Cwellyn,Lake,Control,Blank1,,,12S,0,7,0,0,0,0,0,0,0,0,4,0,0,0,0,0,0,0,0,0,0,0,0,15,8,0,0,0,1150
CWEB2,,,,Llyn_Cwellyn,Lake,Control,Blank2,,,12S,0,7,0,0,0,0,0,0,0,0,0,0,0,0,0,0,0,0,0,0,0,0,0,9,0,0,0,0,237
CWENEG,,,,Llyn_Cwellyn,Lake,Control,Neg1,,,12S,0,7,0,0,0,0,0,0,0,0,0,0,0,0,0,0,0,0,0,0,0,0,0,8,0,0,0,0,729
CWEPOS,,,,Llyn_Cwellyn,Lake,Control,POS1,,,12S,0,38450,0,1035,0,96,0,0,9,0,602,0,0,0,7,0,28,0,0,0,0,0,0,15,4,0,0,0,19669
FEN01,20,10,10,Fenemere,Mere,OSL,,52.801032,-2.821605,12S,92,0,0,24,0,0,11,0,0,0,0,0,0,4518,0,0,0,100,0,4,0,0,0,0,0,0,0,916,9717
FEN02,20,10,10,Fenemere,Mere,OSL,,52.800636,-2.82168,12S,226,0,352,9,0,0,361,0,0,0,0,0,0,1752,3,0,0,54,0,0,0,0,0,0,0,0,0,460,12510
FEN03,20,10,10,Fenemere,Mere,OSL,,52.800461,-2.822731,12S,0,0,3,5,0,0,47,0,0,0,0,0,0,1457,5,0,0,113,0,0,0,0,0,0,0,0,0,564,6852
FEN04,20,10,10,Fenemere,Mere,OSL,,52.801162,-2.822549,12S,0,0,270,13,0,0,325,0,0,0,0,0,0,2437,193,0,0,284,0,0,0,0,0,0,0,0,0,490,11812
FEN05,20,10,10,Fenemere,Mere,OSL,,52.801194,-2.823472,12S,56,0,60,0,0,0,317,0,0,0,0,0,0,355,0,0,388,96,0,0,0,0,0,0,0,0,0,101,7747
FEN06,20,10,10,Fenemere,Mere,OSL,,52.800451,-2.823552,12S,0,0,149,5,0,0,293,0,0,0,0,0,0,818,31,0,0,70,0,0,0,0,0,0,0,0,0,256,7207
FEN07,20,10,10,Fenemere,Mere,OSL,,52.800247,-2.824598,12S,8,0,0,0,0,0,235,0,0,0,0,0,0,414,0,0,0,743,0,0,0,0,0,0,0,0,0,303,3237
FEN08,20,10,10,Fenemere,Mere,OSL,,52.800788,-2.824882,12S,5,33,29,0,0,0,69,0,0,0,0,0,0,511,0,0,0,4,0,0,0,0,0,0,0,0,0,298,15396
FEN09,20,10,10,Fenemere,Mere,OSL,,52.801268,-2.82485,12S,0,0,39,0,0,0,0,0,0,0,0,0,0,79,283,0,0,0,0,0,0,0,0,0,0,0,0,43,2428
FEN10,20,10,10,Fenemere,Mere,OSL,,52.801696,-2.824126,12S,0,0,164,4,0,0,439,0,0,0,0,0,0,848,33,0,0,3,0,0,0,0,0,0,0,0,0,46,8161
FEN11,20,10,10,Fenemere,Mere,SL,,52.800174,-2.825935,12S,0,0,0,8,0,0,43,0,0,0,0,0,0,2712,29,0,111,202,0,0,0,0,0,0,0,0,0,1573,7534
FEN12,20,10,10,Fenemere,Mere,SL,,52.801082,-2.825978,12S,0,0,27,22,0,0,201,0,0,0,0,0,0,4746,0,0,0,472,0,13,0,0,0,0,0,0,0,1073,16283
FEN13,20,10,10,Fenemere,Mere,SL,,52.801882,-2.824925,12S,8,0,0,0,0,0,4,0,0,0,0,0,0,1239,368,0,5,84,0,0,0,0,0,0,0,0,0,1096,4027
FEN14,20,10,10,Fenemere,Mere,SL,,52.802173,-2.823679,12S,213,3,517,101,3,0,11,0,0,5,0,0,0,19811,9,0,0,1254,0,41,0,0,0,0,0,0,0,3516,31423
FEN15,20,10,10,Fenemere,Mere,SL,,52.801524,-2.822096,12S,0,0,0,18,0,0,30,0,0,0,0,0,0,3313,14,0,0,765,0,92,0,0,0,0,0,0,0,625,10775
FEN16,20,10,10,Fenemere,Mere,SL,,52.801355,-2.821035,12S,0,13,0,16,0,0,419,0,0,0,0,0,0,3031,164,0,0,0,0,30,0,0,0,0,0,0,0,548,8097
FEN17,20,10,10,Fenemere,Mere,SL,,52.800492,-2.820356,12S,207,12,231,13,0,0,11,0,0,0,0,0,0,1718,10,0,0,750,0,0,0,0,0,0,0,0,0,637,6412
FEN18,20,10,10,Fenemere,Mere,SL,,52.799985,-2.822124,12S,425,6,3,0,0,0,0,0,0,0,0,0,0,478,0,0,0,1036,0,0,0,0,0,0,0,0,0,544,5260
FEN19,20,10,10,Fenemere,Mere,SL,,52.799852,-2.823597,12S,0,6,0,0,0,0,0,0,0,0,0,0,0,8,0,0,0,723,0,0,0,0,0,0,0,0,0,13,205
FEN20,20,10,10,Fenemere,Mere,SL,,52.799779,-2.824965,12S,7,7,3,14,0,0,65,0,0,0,0,0,0,4975,11,0,0,114,0,0,0,0,0,0,0,0,0,789,8473
FENB1,,,,Fenemere,Mere,Control,Blank1,,,12S,0,4,0,0,0,0,0,0,0,0,0,0,0,4,0,0,0,0,0,0,0,0,0,0,0,0,0,0,887
FENB2,,,,Fenemere,Mere,Control,Blank2,,,12S,0,6,0,0,0,0,0,0,0,0,0,0,0,32,0,0,0,3,0,0,0,0,0,0,0,0,0,11,353
FENNEG,,,,Fenemere,Mere,Control,Neg1,,,12S,0,4,0,0,0,0,0,0,0,0,0,0,0,7,0,0,0,4,0,0,0,0,0,0,0,0,0,0,171
FENPOS,,,,Fenemere,Mere,Control,POS1,,,12S,0,11613,0,342,0,0,0,0,0,0,216,0,0,4,0,0,0,5,0,0,0,0,0,0,0,0,0,6,8058
KEN01,12,0,12,Kenfig_Pool,Lake,SL,,51.516411,-3.736072,12S,406,0,0,47,0,0,0,0,0,132,0,0,0,3,22729,0,1768,1751,0,0,5,0,0,0,0,0,0,5162,23326
KEN02,12,0,12,Kenfig_Pool,Lake,SL,,51.517533,-3.738564,12S,0,0,0,19,0,0,0,0,0,32,0,0,0,0,6440,0,918,1678,0,0,0,0,0,0,0,0,0,47,6045
KEN03,12,0,12,Kenfig_Pool,Lake,SL,,51.520041,-3.739229,12S,283,0,0,6,0,0,0,0,0,11,0,0,0,0,1884,0,411,1625,0,0,0,0,0,0,0,0,0,399,2600
KEN04,12,0,12,Kenfig_Pool,Lake,SL,,51.521213,-3.738046,12S,25,0,0,6,0,0,0,0,0,11,0,0,0,0,142,0,820,995,0,0,0,0,0,0,0,0,0,485,5590
KEN05,12,0,12,Kenfig_Pool,Lake,SL,,51.521726,-3.735851,12S,0,0,0,5,0,0,0,0,0,4,0,0,0,0,1642,0,2276,508,0,0,0,0,0,0,0,0,0,501,3168
KEN06,12,0,12,Kenfig_Pool,Lake,SL,,51.523033,-3.732405,12S,99,0,0,3,0,0,0,0,0,40,0,0,0,0,4856,0,4123,2433,0,0,6,0,0,0,0,0,0,2290,9145
KEN07,12,0,12,Kenfig_Pool,Lake,SL,,51.521292,-3.731678,12S,0,82,0,71,0,7,0,3,0,19,45,0,0,0,2831,0,52,50,0,0,3,0,0,0,0,0,0,380,18841
KEN08,12,0,12,Kenfig_Pool,Lake,SL,,51.519665,-3.731903,12S,11,14,0,64,0,0,0,0,0,35,3,0,0,0,6147,0,608,4,0,0,137,0,0,0,0,0,0,249,4659
KEN09,12,0,12,Kenfig_Pool,Lake,SL,,51.518709,-3.733346,12S,0,12,0,54,0,3,9,0,0,46,6,0,0,0,631,0,585,315,0,0,54,0,0,0,0,0,0,893,13363
KEN10,12,0,12,Kenfig_Pool,Lake,SL,,51.517062,-3.734323,12S,0,3,0,40,0,0,0,0,0,28,3,0,0,0,5252,0,377,259,0,0,6,0,0,0,0,0,0,2079,5971
KEN55,12,0,12,Kenfig_Pool,Lake,SL,,51.522192,-3.734473,12S,0,0,0,150,0,0,0,0,3,432,0,0,0,6,87251,0,392,505,0,0,3,0,0,0,0,0,0,242,57507
KEN95,12,0,12,Kenfig_Pool,Lake,SL,,51.517773,-3.733781,12S,0,3,0,11,0,0,0,0,0,9,0,0,0,0,1207,0,128,5,0,0,0,0,0,0,0,0,0,248,894
KENB1,,,,Kenfig_Pool,Lake,Control,Blank1,,,12S,0,0,0,8,0,0,0,0,0,0,0,0,0,0,37,0,14,0,0,0,0,0,0,0,0,0,0,0,7
KENNEG1,,,,Kenfig_Pool,Lake,Control,Neg1,,,12S,0,13,0,95,0,3,0,7,0,3,20,0,0,0,873,0,46,0,0,0,0,0,0,0,0,0,0,5,577
KENNEG2,,,,Kenfig_Pool,Lake,Control,Neg2,,,12S,0,4,0,14,0,0,0,0,0,0,0,0,0,0,81,0,35,5,0,0,0,0,0,0,0,0,0,9,47
KENPOS,,,,Kenfig_Pool,Lake,Control,POS1,,,12S,0,9789,0,3503,0,1073,0,208,25,0,2565,0,0,3,105,0,175,0,0,0,0,0,0,0,0,0,0,7,11371
LLG01,20,10,10,Llangorse_Lake,Lake,SL,,51.922906,-3.253761,12S,317,0,3165,27,4,0,0,0,0,0,0,0,0,2785,418,0,1091,280,140,0,0,0,0,0,0,0,0,4185,30145
LLG02,20,10,10,Llangorse_Lake,Lake,OSL,,51.923973,-3.254151,12S,0,0,839,0,3,0,0,0,0,0,0,0,0,721,5,0,26,42,0,0,0,0,0,0,0,0,0,1144,1629
LLG03,20,10,10,Llangorse_Lake,Lake,SL,,51.925705,-3.251379,12S,3,0,292,0,0,0,0,0,0,0,0,0,0,157,0,0,8,7,0,0,0,0,0,0,0,0,0,615,707
LLG04,20,10,10,Llangorse_Lake,Lake,OSL,,51.925749,-3.253627,12S,63,0,8381,23,18,0,0,0,0,0,0,0,0,4526,26,0,517,581,0,0,0,0,0,0,0,0,0,4169,11116
LLG05,20,10,10,Llangorse_Lake,Lake,SL,,51.925636,-3.255397,12S,0,0,12269,19,22,0,0,0,0,0,0,0,0,2796,22,0,283,88,0,0,0,0,0,0,0,0,0,2792,10833
LLG06,20,10,10,Llangorse_Lake,Lake,OSL,,51.92801,-3.254035,12S,0,0,357,0,0,0,0,0,0,0,0,0,0,281,0,0,80,118,0,0,0,0,0,0,0,0,0,900,931
LLG07,20,10,10,Llangorse_Lake,Lake,SL,,51.930987,-3.253305,12S,18,0,1552,11,5,0,0,0,0,0,0,0,0,3521,7,0,168,196,0,0,0,0,0,0,0,0,0,1167,3897
LLG08,20,10,10,Llangorse_Lake,Lake,OSL,,51.930087,-3.256438,12S,0,17,94,0,0,0,0,0,0,0,0,0,0,62,0,0,0,61,0,0,0,0,0,0,0,0,0,591,757
LLG09,20,10,10,Llangorse_Lake,Lake,SL,,51.934387,-3.260611,12S,0,0,7,0,0,0,0,0,0,0,0,0,0,27,0,0,4,6,0,0,0,0,0,0,0,0,0,35,171
LLG10,20,10,10,Llangorse_Lake,Lake,OSL,,51.932608,-3.261201,12S,0,0,5,0,0,0,0,0,0,0,0,0,0,91,0,0,3,9,0,0,0,0,0,0,0,0,0,47,389
LLG11,20,10,10,Llangorse_Lake,Lake,OSL,,51.930121,-3.261845,12S,0,0,309,10,0,0,0,0,0,0,0,0,0,1627,8,0,4,112,0,0,0,0,0,0,0,0,0,1731,2055
LLG12,20,10,10,Llangorse_Lake,Lake,SL,,51.928361,-3.262242,12S,268,0,41,69,0,0,0,0,0,0,0,0,0,11120,200,0,1144,3005,0,0,0,0,0,0,0,0,0,18864,25234
LLG13,20,10,10,Llangorse_Lake,Lake,SL,,51.928156,-3.266819,12S,378,0,559,89,0,0,0,0,0,6,0,0,0,12905,153,0,125,1042,0,0,0,0,0,0,0,0,0,5844,20443
LLG14,20,10,10,Llangorse_Lake,Lake,OSL,,51.929817,-3.266347,12S,0,0,0,0,0,0,0,0,0,0,0,0,0,11,0,0,0,0,0,0,0,0,0,0,0,0,0,18,264
LLG15,20,10,10,Llangorse_Lake,Lake,OSL,,51.932297,-3.266037,12S,62,0,1318,12,3,0,0,0,0,0,0,0,0,3505,0,0,262,765,0,0,0,0,0,0,0,0,0,3127,8374
LLG16,20,10,10,Llangorse_Lake,Lake,SL,,51.933786,-3.267664,12S,4,48,617,10,0,0,0,0,0,0,0,0,0,2865,0,0,340,1106,0,0,0,0,0,0,0,0,0,8430,17178
LLG17,20,10,10,Llangorse_Lake,Lake,OSL,,51.933043,-3.269663,12S,0,14,27,13,0,0,0,0,0,0,0,0,0,1656,4,0,502,690,0,0,0,0,0,0,0,0,0,4118,7168
LLG18,20,10,10,Llangorse_Lake,Lake,OSL,,51.930251,-3.270661,12S,111,16,91,88,0,0,0,0,0,0,0,0,0,18541,225,0,653,2762,0,0,0,0,0,0,0,0,0,6142,23220
LLG19,20,10,10,Llangorse_Lake,Lake,SL,,51.929315,-3.274239,12S,791,10,5015,161,8,0,0,0,0,7,0,0,0,26129,106,0,908,871,0,0,0,0,0,0,0,0,0,8471,38718
LLG20,20,10,10,Llangorse_Lake,Lake,SL,,51.933156,-3.272964,12S,73,20,36,61,0,0,0,0,0,38,0,0,0,9918,6407,0,1267,5544,0,0,0,0,0,0,0,0,0,13720,26980
LLGB1,,,,Llangorse_Lake,Lake,Control,Blank1,,,12S,4,9,31,5,0,0,0,0,0,0,0,0,0,101,7,0,8,12,0,0,0,0,0,0,0,0,0,41,48
LLGNEG1,,,,Llangorse_Lake,Lake,Control,NEG1,,,12S,0,11,3,0,0,0,0,0,0,0,0,0,0,27,0,0,0,7,0,0,0,0,0,0,0,0,0,17,9
LLGNEG2,,,,Llangorse_Lake,Lake,Control,Neg2,,,12S,0,15,11,0,0,0,0,0,0,0,0,0,0,48,5,0,6,4,0,0,0,0,0,0,0,0,0,26,511
LLGPOS,,,,Llangorse_Lake,Lake,Control,POS1,,,12S,0,26954,0,466,0,15,0,0,0,0,89,0,0,38,8,0,91,7,0,0,0,0,0,0,0,0,0,35,15740
MAP01,20,10,10,Maer_Pool,Mere,OSL,,52.943634,-2.315638,12S,0,0,0,0,0,0,3,0,0,0,0,0,0,0,0,0,660,0,0,0,0,0,0,0,0,0,0,653,32075
MAP02,20,10,10,Maer_Pool,Mere,OSL,,52.943314,-2.316233,12S,0,0,0,0,0,0,257,0,0,0,0,0,0,0,0,0,628,22,0,0,0,0,0,0,0,0,0,354,16392
MAP03,20,10,10,Maer_Pool,Mere,OSL,,52.94301,-2.315616,12S,0,0,0,0,0,10,41,0,0,0,0,0,0,0,0,0,232,197,0,0,0,0,0,0,0,0,0,613,13164
MAP04,20,10,10,Maer_Pool,Mere,OSL,,52.943479,-2.315059,12S,0,0,0,0,0,0,200,0,0,0,0,0,0,0,0,0,506,222,0,0,0,0,0,0,4,0,0,359,12151
MAP05,20,10,10,Maer_Pool,Mere,OSL,,52.943172,-2.314394,12S,0,0,0,0,0,0,12,0,0,0,0,0,0,0,0,0,465,200,0,0,0,0,0,0,0,0,0,1465,9619
MAP06,20,10,10,Maer_Pool,Mere,OSL,,52.942726,-2.315139,12S,0,0,0,0,0,0,156,0,0,0,0,0,0,168,0,0,1131,83,0,0,0,0,0,0,0,0,0,353,11078
MAP07,20,10,10,Maer_Pool,Mere,OSL,,52.942387,-2.314629,12S,0,0,0,0,0,0,279,0,0,0,0,0,0,0,0,0,309,94,0,0,0,0,0,0,0,0,0,521,29266
MAP08,20,10,10,Maer_Pool,Mere,OSL,,52.942913,-2.313879,12S,0,12,0,3,0,0,228,0,0,0,0,0,0,0,0,0,797,766,0,0,0,0,0,0,0,0,0,166,17831
MAP09,20,10,10,Maer_Pool,Mere,OSL,,52.942551,-2.313418,12S,0,0,0,0,0,0,0,0,0,0,0,0,0,0,0,0,110,203,0,0,0,0,0,0,0,0,0,68,11230
MAP10,20,10,10,Maer_Pool,Mere,OSL,,52.942111,-2.314115,12S,0,0,0,0,0,0,0,0,0,0,0,0,0,0,0,0,3,124,0,0,0,0,0,0,0,0,0,230,5771
MAP11,20,10,10,Maer_Pool,Mere,SL,,52.942201,-2.3128,12S,0,0,0,0,0,0,0,0,0,0,0,0,0,3,0,0,921,7,0,0,0,0,0,0,0,0,0,253,18584
MAP12,20,10,10,Maer_Pool,Mere,SL,,52.942744,-2.313004,12S,0,0,0,0,0,0,0,0,0,0,0,0,0,6,0,0,1147,3808,0,0,0,0,0,0,3,0,0,678,9707
MAP13,20,10,10,Maer_Pool,Mere,SL,,52.943318,-2.313296,12S,0,0,0,0,0,0,0,0,0,0,0,0,0,0,0,0,490,29,0,0,0,0,0,0,0,0,0,1233,44935
MAP14,20,10,10,Maer_Pool,Mere,SL,,52.94377,-2.3146,12S,0,0,0,0,0,0,0,0,0,0,0,0,0,0,0,0,5,24,0,0,0,0,0,0,0,0,0,787,19036
MAP15,20,10,10,Maer_Pool,Mere,SL,,52.943948,-2.316054,12S,0,0,0,0,0,0,85,0,0,0,0,0,0,0,0,0,848,1150,0,0,0,0,0,0,0,0,0,943,59408
MAP16,20,10,10,Maer_Pool,Mere,SL,,52.943483,-2.316767,12S,0,44,0,0,0,0,27,0,0,0,0,0,0,4,0,0,32,6,0,0,0,0,0,0,0,0,0,25,38322
MAP17,20,10,10,Maer_Pool,Mere,SL,,52.942924,-2.316708,12S,0,5,0,0,0,0,501,0,0,0,0,0,0,0,0,0,83,6,0,0,0,0,0,0,0,0,0,995,7020
MAP18,20,10,10,Maer_Pool,Mere,SL,,52.942462,-2.315925,12S,0,9,0,0,0,0,300,0,0,0,0,0,0,0,0,0,187,134,0,0,0,0,0,0,0,0,0,1084,22777
MAP19,20,10,10,Maer_Pool,Mere,SL,,52.941929,-2.314992,12S,0,6,0,0,0,0,0,0,0,0,0,0,0,0,0,0,0,717,0,0,0,0,0,0,0,0,0,0,4254
MAP20,20,10,10,Maer_Pool,Mere,SL,,52.941838,-2.313476,12S,0,7,0,0,0,0,0,0,0,0,0,0,0,0,0,0,1112,1529,0,0,0,0,0,3,0,0,0,298,27149
MAPB1,,,,Maer_Pool,Mere,Control,Blank1,,,12S,0,7,0,0,0,0,0,0,0,0,0,0,0,0,0,0,0,0,0,0,0,0,0,0,0,0,0,4,159
MAPB2,,,,Maer_Pool,Mere,Control,Blank2,,,12S,0,4,0,0,0,0,0,0,0,0,0,0,0,0,0,0,0,0,0,0,0,0,0,0,0,0,0,0,62
MAPNEG,,,,Maer_Pool,Mere,Control,Neg1,,,12S,0,5,0,0,0,0,0,0,0,0,0,0,0,0,0,0,0,0,0,0,0,0,0,0,0,0,0,7,141
MAPPOS,,,,Maer_Pool,Mere,Control,POS1,,,12S,0,15316,0,486,0,10,0,39,8,0,31,0,0,0,22,0,0,0,0,0,0,0,0,0,0,0,0,0,9006
OSS01,20,10,10,Oss_Mere,Mere,SL,,52.988589,-2.649077,12S,0,0,53,13,0,0,65,0,0,0,0,0,0,2614,173,0,85,285,0,0,0,0,0,0,0,0,0,1139,4380
OSS02,20,10,10,Oss_Mere,Mere,SL,,52.989203,-2.648889,12S,0,0,228,10,0,0,15,0,0,0,0,0,0,2473,152,0,101,106,0,0,0,0,0,0,0,0,0,1664,11028
OSS03,20,10,10,Oss_Mere,Mere,SL,,52.989887,-2.648734,12S,0,0,160,0,0,0,0,0,0,0,0,0,0,595,39,0,44,126,0,0,0,0,0,0,0,0,0,829,5633
OSS04,20,10,10,Oss_Mere,Mere,SL,,52.990445,-2.648214,12S,0,0,248,8,0,0,26,10,0,6,0,0,0,334,226,0,107,46,0,0,0,0,0,0,0,0,0,898,9855
OSS05,20,10,10,Oss_Mere,Mere,SL,,52.990959,-2.64742,12S,0,0,128,7,0,0,0,0,0,0,0,0,0,743,57,0,17,0,0,0,0,0,0,0,0,0,0,519,6558
OSS06,20,10,10,Oss_Mere,Mere,SL,,52.991618,-2.647926,12S,0,0,132,0,0,0,39,0,0,0,0,0,0,383,102,4,125,144,0,0,0,0,0,0,0,0,0,869,9130
OSS07,20,10,10,Oss_Mere,Mere,SL,,52.991163,-2.646537,12S,0,0,68,3,0,0,0,0,0,0,0,0,0,303,99,0,11,0,0,0,0,0,0,0,0,0,0,265,5048
OSS08,20,10,10,Oss_Mere,Mere,SL,,52.991576,-2.645974,12S,0,11,116,7,0,0,113,0,0,0,0,0,0,689,50,0,20,86,0,0,0,0,0,3,0,0,0,506,4824
OSS09,20,10,10,Oss_Mere,Mere,SL,,52.991939,-2.646559,12S,0,0,206,12,0,0,67,0,0,0,0,0,0,1268,299,0,97,28,0,0,0,0,0,0,0,0,0,826,5545
OSS10,20,10,10,Oss_Mere,Mere,SL,,52.99221,-2.647449,12S,0,0,130,21,0,0,6,0,0,7,0,0,0,2893,953,0,111,174,0,0,0,0,0,0,0,0,0,1900,7959
OSS11,20,10,10,Oss_Mere,Mere,OSL,,52.989058,-2.649903,12S,0,0,1822,71,5,0,52,44,0,0,0,0,0,14865,548,0,109,510,0,0,0,0,0,0,0,0,0,6213,22006
OSS12,20,10,10,Oss_Mere,Mere,OSL,,52.989642,-2.64971,12S,0,0,378,35,0,0,96,3,0,5,0,0,0,6932,647,0,169,362,0,0,0,0,0,0,0,0,0,8044,25577
OSS13,20,10,10,Oss_Mere,Mere,OSL,,52.990352,-2.649378,12S,0,0,379,7,0,0,51,95,0,3,0,0,0,1788,207,0,37,181,0,0,0,0,0,0,0,0,0,1831,6914
OSS14,20,10,10,Oss_Mere,Mere,OSL,,52.991266,-2.648912,12S,0,0,125,9,0,0,0,0,0,0,0,0,0,1587,28,0,22,343,0,0,0,0,0,0,0,0,0,1533,6519
OSS15,20,10,10,Oss_Mere,Mere,OSL,,52.991903,-2.648838,12S,0,0,49,3,0,0,0,0,0,0,15,0,0,78,12,0,0,0,0,0,0,0,0,0,0,0,0,153,1453
OSS16,20,10,10,Oss_Mere,Mere,OSL,,52.992803,-2.647683,12S,0,46,554,127,0,0,26,21,0,44,0,0,0,15498,6452,0,192,305,0,0,0,0,0,0,0,0,0,8100,18522
OSS17,20,10,10,Oss_Mere,Mere,OSL,,52.99218,-2.645692,12S,0,7,1833,3,3,0,188,8,0,0,0,0,0,455,217,0,54,99,0,0,0,0,0,0,0,0,0,671,3270
OSS18,20,10,10,Oss_Mere,Mere,OSL,,52.991113,-2.645367,12S,0,16,1579,28,0,0,248,54,0,8,0,0,0,2997,1753,0,227,75,0,0,0,0,0,0,0,0,0,3769,39877
OSS19,20,10,10,Oss_Mere,Mere,OSL,,52.990246,-2.64685,12S,0,17,349,8,0,0,11,3,0,0,0,0,0,912,177,0,1497,92,0,0,0,0,0,0,0,0,0,1951,7714
OSS20,20,10,10,Oss_Mere,Mere,OSL,,52.988991,-2.648221,12S,0,30,1021,58,0,0,12,99,0,0,0,0,0,10385,302,0,1265,269,0,0,0,0,0,4,0,0,0,12476,19708
OSSB1,,,,Oss_Mere,Mere,Control,Blank1,,,12S,0,4,14,0,0,0,0,0,0,0,0,0,0,46,4,0,12,0,0,0,0,0,0,0,0,0,0,37,244
OSSB2,,,,Oss_Mere,Mere,Control,Blank2,,,12S,0,6,5,0,0,0,3,0,0,0,0,0,0,43,4,0,5,0,0,0,0,0,0,0,0,0,0,46,192
OSSNEG,,,,Oss_Mere,Mere,Control,Neg1,,,12S,0,7,3,0,0,0,0,0,0,0,0,0,0,15,0,0,0,0,0,0,0,0,0,0,0,0,0,19,68
OSSPOS,,,,Oss_Mere,Mere,Control,POS1,,,12S,0,5562,57,165,0,0,0,4,0,0,80,0,0,223,54,0,33,4,0,0,0,0,0,0,0,0,0,148,2957
OGW01,20,0,20,Llyn_Ogwen,Lake,SL,,53.126753,-3.9972736,12S,0,0,0,0,0,0,0,0,0,0,530,0,0,0,0,0,0,0,0,0,0,93,0,3069,0,3,0,71,3920
OGW02,20,0,20,Llyn_Ogwen,Lake,SL,,53.126636,-3.9988824,12S,0,0,0,0,0,0,0,0,0,0,9673,0,0,0,0,0,0,0,0,0,0,0,0,2563,0,5,0,0,14658
OGW03,20,0,20,Llyn_Ogwen,Lake,SL,,53.12635,-4.0003787,12S,0,0,0,0,0,0,0,0,0,0,4860,0,0,0,0,0,0,0,0,0,0,0,0,2298,0,3,0,0,14591
OGW04,20,0,20,Llyn_Ogwen,Lake,SL,,53.12594,-4.0033789,12S,0,0,0,0,0,0,0,0,0,0,2734,0,0,0,0,0,0,0,0,0,0,0,0,2074,0,0,0,0,6844
OGW05,20,0,20,Llyn_Ogwen,Lake,SL,,53.125512,-4.005287,12S,0,0,0,0,0,0,0,0,0,0,3035,0,0,0,0,0,0,0,0,0,0,0,0,3205,0,7,0,0,13690
OGW06,20,0,20,Llyn_Ogwen,Lake,SL,,53.125143,-4.0069438,12S,0,0,0,0,0,0,0,0,0,0,3114,0,0,0,0,0,0,0,0,0,0,0,0,1027,0,0,0,0,3296
OGW07,20,0,20,Llyn_Ogwen,Lake,SL,,53.124506,-4.0089767,12S,0,0,0,0,0,0,0,0,0,0,8287,0,0,0,0,0,0,0,0,0,0,9,0,2501,0,4,0,0,12302
OGW08,20,0,20,Llyn_Ogwen,Lake,SL,,53.124382,-4.0115267,12S,0,54,0,0,0,0,0,0,0,0,11150,0,0,0,0,0,0,0,0,0,0,0,0,3412,0,0,0,0,13682
OGW09,20,0,20,Llyn_Ogwen,Lake,SL,,53.124391,-4.0141874,12S,0,0,0,0,0,0,0,0,0,0,6767,0,0,0,0,0,0,0,0,0,0,588,0,917,0,0,0,0,6697
OGW10,20,0,20,Llyn_Ogwen,Lake,SL,,53.124241,-4.0177376,12S,0,0,0,0,0,0,0,0,0,0,13879,0,0,0,0,0,0,0,0,0,0,4,0,4245,0,13,0,0,19067
OGW11,20,0,20,Llyn_Ogwen,Lake,SL,,53.12338,-4.0179116,12S,0,0,0,0,0,0,0,0,0,0,8609,0,0,0,0,0,0,0,0,0,0,5,0,2762,0,0,0,0,13873
OGW12,20,0,20,Llyn_Ogwen,Lake,SL,,53.12318,-4.0142316,12S,0,0,0,0,0,0,0,0,0,0,8790,0,0,0,0,0,0,0,0,0,0,0,0,1571,0,0,0,0,17500
OGW13,20,0,20,Llyn_Ogwen,Lake,SL,,53.122723,-4.0117532,12S,0,0,0,0,0,0,0,0,0,0,13981,0,0,0,0,0,0,0,0,0,0,0,0,16520,0,27,0,0,25333
OGW14,20,0,20,Llyn_Ogwen,Lake,SL,,53.122356,-4.0082771,12S,0,0,0,0,0,0,0,0,0,0,5698,0,0,0,0,0,0,0,0,0,0,1204,0,19935,0,21,0,0,28602
OGW15,20,0,20,Llyn_Ogwen,Lake,SL,,53.122311,-4.0056056,12S,0,0,0,0,0,0,0,0,0,0,56711,0,0,0,0,0,0,0,0,0,0,6020,0,15066,0,23,0,0,69711
OGW16,20,0,20,Llyn_Ogwen,Lake,SL,,53.12282,-4.0031272,12S,0,86,0,4,0,0,0,0,0,0,125,0,0,0,0,0,0,0,0,0,0,8,0,61,0,0,0,0,82
OGW17,20,0,20,Llyn_Ogwen,Lake,SL,,53.123032,-4.001357,12S,0,34,0,0,0,0,0,0,0,0,143,0,0,0,0,0,0,0,0,0,0,70905,0,350,0,0,0,0,43848
OGW18,20,0,20,Llyn_Ogwen,Lake,SL,,53.123419,-3.9980686,12S,0,27,0,0,0,0,0,0,0,0,14944,0,0,0,0,0,0,0,0,0,0,57,0,4279,0,4,0,0,31902
OGW19,20,0,20,Llyn_Ogwen,Lake,SL,,53.124371,-3.9966094,12S,0,22,0,0,0,0,0,0,0,0,6544,0,0,0,0,0,0,0,0,0,0,53,0,3038,0,4,0,0,7951
OGW20,20,0,20,Llyn_Ogwen,Lake,SL,,53.124925,-3.9955366,12S,0,21,0,0,0,0,0,0,0,0,7981,0,0,0,0,0,0,0,0,0,0,68,0,23303,0,43,0,0,35854
OGWB1,,,,Llyn_Ogwen,Lake,Control,Blank1,,,12S,0,18,0,0,0,0,0,0,0,0,53,0,0,0,0,0,0,0,0,0,0,69,0,80,0,0,0,0,191
OGWB2,,,,Llyn_Ogwen,Lake,Control,Blank2,,,12S,0,22,0,0,0,0,0,0,0,0,28,0,0,0,0,0,0,0,0,0,0,60,0,70,0,0,0,0,322
OGWNEG,,,,Llyn_Ogwen,Lake,Control,Neg1,,,12S,0,37,0,0,0,0,0,0,0,0,148,0,0,0,0,0,0,0,0,0,0,105,0,101,0,0,0,0,114
OGWPOS,,,,Llyn_Ogwen,Lake,Control,POS1,,,12S,0,44563,0,537,0,0,0,216,0,0,123,0,0,0,0,0,0,0,0,0,0,30,0,32,0,0,0,0,28378
PAD01,20,10,10,Llyn_Padarn,Lake,OSL,,53.138294,-4.1536428,12S,0,0,0,0,0,0,0,0,0,0,5,0,0,0,0,0,0,0,0,0,0,0,0,31,0,0,0,0,411
PAD02,20,10,10,Llyn_Padarn,Lake,OSL,,53.137325,-4.151546,12S,0,0,0,0,0,0,0,0,0,0,324,0,0,0,0,0,0,0,0,119,0,0,0,474,0,0,0,0,8312
PAD03,20,10,10,Llyn_Padarn,Lake,OSL,,53.1363,-4.1495662,12S,146,0,0,0,0,0,0,0,0,0,57,0,0,0,0,0,0,0,0,993,0,0,319,447,230,0,0,0,20371
PAD04,20,10,10,Llyn_Padarn,Lake,OSL,,53.134751,-4.1477247,12S,171,0,0,0,0,0,0,0,0,0,275,0,0,0,0,0,0,0,0,252,0,0,326,3169,0,0,0,0,36525
PAD05,20,10,10,Llyn_Padarn,Lake,OSL,,53.134091,-4.1464061,12S,846,0,0,0,0,0,0,0,0,0,579,0,0,0,0,0,0,0,0,100,0,0,232,1806,47,0,0,0,40397
PAD06,20,10,10,Llyn_Padarn,Lake,OSL,,53.13285,-4.1434441,12S,211,0,0,0,0,0,0,0,0,0,174,0,0,0,0,0,0,0,0,0,0,0,0,1170,0,0,0,0,15280
PAD07,20,10,10,Llyn_Padarn,Lake,OSL,,53.131681,-4.1409492,12S,343,0,0,0,0,0,0,0,0,0,213,0,0,0,0,0,0,0,0,436,0,0,0,1128,221,0,0,0,27123
PAD08,20,10,10,Llyn_Padarn,Lake,OSL,,53.129805,-4.1352952,12S,449,19,0,0,0,0,0,0,0,0,472,0,0,0,0,0,0,0,0,303,0,0,790,518,139,0,0,0,41207
PAD09,20,10,10,Llyn_Padarn,Lake,OSL,,53.12569,-4.1261081,12S,6,0,0,0,0,0,0,0,0,0,515,0,0,0,0,0,0,0,0,115,0,0,0,794,0,3,0,0,23056
PAD10,20,10,10,Llyn_Padarn,Lake,OSL,,53.123357,-4.1213,12S,69,0,0,0,0,0,0,0,0,0,350,0,0,0,0,0,0,0,0,272,0,0,0,342,0,0,0,0,5602
PAD11,20,10,10,Llyn_Padarn,Lake,SL,,53.136551,-4.1521561,12S,113,0,0,0,0,0,0,0,0,0,1459,0,0,0,0,0,0,0,0,137,0,0,0,1842,0,0,0,0,6204
PAD12,20,10,10,Llyn_Padarn,Lake,SL,,53.134491,-4.1503966,12S,744,0,0,0,0,0,0,0,0,0,46,0,0,0,0,0,0,0,0,171,0,0,0,349,0,0,0,0,5864
PAD13,20,10,10,Llyn_Padarn,Lake,SL,,53.13247,-4.1473281,12S,1513,0,0,0,0,0,0,0,0,0,888,0,0,0,0,0,0,0,0,113,0,0,136,864,0,0,0,0,12893
PAD14,20,10,10,Llyn_Padarn,Lake,SL,,53.129946,-4.1421139,12S,122,0,0,0,0,0,0,146,0,0,956,0,0,0,0,0,0,0,0,172,0,0,4,2025,46,0,0,0,8576
PAD15,20,10,10,Llyn_Padarn,Lake,SL,,53.129174,-4.1356337,12S,2337,0,0,0,0,0,0,0,0,0,3138,0,0,0,0,0,0,0,0,164,0,0,84,1220,0,0,0,0,7801
PAD16,20,10,10,Llyn_Padarn,Lake,SL,,53.12714,-4.1331875,12S,1088,12,0,0,0,0,0,232,0,0,1963,0,0,0,0,0,0,0,0,59,0,0,0,846,0,3,0,0,2483
PAD17,20,10,10,Llyn_Padarn,Lake,SL,,53.124758,-4.1293466,12S,822,0,0,0,0,0,0,0,0,0,1828,0,0,0,0,0,0,0,23,110,0,0,0,1077,0,0,0,0,6066
PAD18,20,10,10,Llyn_Padarn,Lake,SL,,53.122582,-4.1265571,12S,1198,5,0,0,0,0,0,0,0,0,6638,0,0,0,0,0,0,0,0,204,0,0,0,1113,0,0,0,0,7187
PAD19,20,10,10,Llyn_Padarn,Lake,SL,,53.120882,-4.124347,12S,104,3,0,0,0,0,0,0,0,0,2773,0,0,0,0,0,0,0,0,317,0,0,0,814,0,0,0,0,20509
PAD20,20,10,10,Llyn_Padarn,Lake,SL,,53.120521,-4.1185963,12S,396,3,0,0,0,0,0,0,0,0,7998,0,0,0,0,0,0,0,0,2647,3,0,0,2565,0,18,0,5,22452
PADB1,,,,Llyn_Padarn,Lake,Control,Blank1,,,12S,0,4,0,0,0,0,0,0,0,0,8,0,0,0,0,0,0,0,0,0,0,0,0,7,0,0,0,0,64
PADB2,,,,Llyn_Padarn,Lake,Control,Blank2,,,12S,0,3,0,0,0,0,0,0,0,0,9,0,0,0,0,0,0,0,0,0,0,0,0,7,0,0,0,0,26
PADNEG,,,,Llyn_Padarn,Lake,Control,Neg1,,,12S,3,3,0,0,0,0,0,0,0,0,22,0,0,0,0,0,0,0,0,3,0,0,0,10,0,0,0,0,35
PADPOS,,,,Llyn_Padarn,Lake,Control,POS1,,,12S,0,10988,0,484,0,0,0,58,4,0,182,0,0,0,0,0,0,0,0,0,0,0,0,4,0,0,0,0,6206
PEN01,10,0,10,Llyn_Penrhyn,Lake,SL,,53.265315,-4.530815,12S,47,0,0,127,0,0,0,0,0,0,0,0,0,27927,46,0,0,0,0,987,43,0,0,0,0,0,0,5482,30402
PEN02,10,0,10,Llyn_Penrhyn,Lake,SL,,53.264307,-4.532435,12S,859,0,0,4,0,0,0,0,0,0,0,0,0,519,29,0,0,0,0,2370,8,0,0,0,0,0,0,1142,7509
PEN03,10,0,10,Llyn_Penrhyn,Lake,SL,,53.263064,-4.533003,12S,158,0,0,7,0,0,0,0,0,0,0,0,0,1452,22,0,17,0,0,2319,9,0,0,0,0,0,0,4695,10219
PEN04,10,0,10,Llyn_Penrhyn,Lake,SL,,53.262268,-4.534043,12S,11881,0,0,27,0,0,0,0,0,24,0,0,0,3147,3208,0,0,4,0,1608,6,0,0,0,0,0,0,12260,38657
PEN05,10,0,10,Llyn_Penrhyn,Lake,SL,,53.260458,-4.533755,12S,5,0,0,0,0,0,0,0,0,0,0,0,0,132,3,0,13,0,0,3019,1781,0,0,0,0,0,0,2049,11548
PEN06,10,0,10,Llyn_Penrhyn,Lake,SL,,53.260137,-4.532736,12S,227,44,0,6,0,0,0,0,0,0,0,0,0,272,26,0,9,0,0,762,317,0,0,112,0,0,0,683,6524
PEN07,10,0,10,Llyn_Penrhyn,Lake,SL,,53.259765,-4.529871,12S,233,0,0,14,0,0,0,0,0,0,0,0,0,1350,91,0,0,0,0,896,43,0,0,0,0,0,0,1431,12825
PEN08,10,0,10,Llyn_Penrhyn,Lake,SL,,53.260086,-4.527511,12S,33,0,0,5,0,0,0,0,0,0,0,0,0,499,72,0,0,0,0,233,197,0,0,0,0,0,0,595,4165
PEN09,10,0,10,Llyn_Penrhyn,Lake,SL,,53.26142,-4.52602,12S,13,12,0,0,0,0,0,0,0,0,0,0,0,44,0,0,0,0,0,381,0,0,0,0,0,0,0,641,1570
PEN10,10,0,10,Llyn_Penrhyn,Lake,SL,,53.26305,-4.525537,12S,0,0,0,0,0,0,0,0,0,0,0,0,0,0,0,0,0,0,0,42,182,0,0,0,0,0,0,14,483
PENB1,,,,Llyn_Penrhyn,Lake,Control,Blank1,,,12S,0,12,0,0,0,0,0,0,0,0,0,0,0,5,0,0,0,0,0,9,0,0,0,0,0,0,0,13,4
PENB2,,,,Llyn_Penrhyn,Lake,Control,Blank2,,,12S,16,19,0,0,0,0,0,0,0,0,0,0,0,6,5,0,0,0,0,5,0,0,0,0,0,0,0,33,39
PENNEG,,,,Llyn_Penrhyn,Lake,Control,Neg1,,,12S,0,9,0,0,0,0,0,0,0,0,0,0,0,0,0,0,0,0,0,8,5,0,0,0,0,0,0,3,11
PENPOS,,,,Llyn_Penrhyn,Lake,Control,POS1,,,12S,0,10067,0,192,0,78,0,0,0,0,114,0,0,14,0,0,74,0,0,3,0,0,0,0,0,0,0,0,5939
WLF01,20,10,10,Watch_Lane_Flash,Mere,OSL,,53.142007,-2.409329,12S,0,0,3785,8,13,0,216,0,0,0,0,0,0,517,0,0,0,0,0,0,0,0,0,0,0,0,0,0,13766
WLF02,20,10,10,Watch_Lane_Flash,Mere,OSL,,53.141653,-2.409082,12S,13,0,2400,0,25,0,745,0,0,0,0,0,114,1096,0,0,0,38,0,273,0,0,0,0,0,0,0,732,21965
WLF03,20,10,10,Watch_Lane_Flash,Mere,OSL,,53.141074,-2.408706,12S,0,0,3738,0,12,0,186,68,0,0,0,0,0,248,0,0,0,241,0,0,0,0,0,0,0,0,0,0,11502
WLF04,20,10,10,Watch_Lane_Flash,Mere,OSL,,53.140404,-2.408299,12S,0,0,1746,0,3,0,428,0,0,0,0,0,0,394,0,0,0,0,0,0,0,0,0,0,0,0,0,0,17649
WLF05,20,10,10,Watch_Lane_Flash,Mere,OSL,,53.142225,-2.408406,12S,0,0,2594,0,3,0,274,0,0,0,0,0,0,188,0,0,0,47,0,0,0,0,0,0,0,0,0,0,10239
WLF06,20,10,10,Watch_Lane_Flash,Mere,OSL,,53.141781,-2.408143,12S,0,0,1587,0,3,0,4,0,0,0,0,0,0,228,0,0,0,0,0,837,0,0,0,0,0,0,0,132,13685
WLF07,20,10,10,Watch_Lane_Flash,Mere,OSL,,53.141179,-2.407623,12S,0,0,743,3,4,0,0,0,0,0,0,0,0,210,0,0,0,0,0,0,0,0,0,0,0,0,0,141,12893
WLF08,20,10,10,Watch_Lane_Flash,Mere,OSL,,53.141617,-2.406805,12S,0,33,2159,0,0,0,5,118,0,0,0,0,119,310,0,0,0,0,0,41,0,0,0,0,0,0,0,932,35669
WLF09,20,10,10,Watch_Lane_Flash,Mere,OSL,,53.141826,-2.405617,12S,0,91,2142,10,8,0,127,82,0,0,0,0,0,839,0,0,0,157,0,0,0,0,0,0,0,0,0,10,5589
WLF10,20,10,10,Watch_Lane_Flash,Mere,OSL,,53.142289,-2.404989,12S,0,0,3259,0,7,0,460,0,0,0,0,0,0,211,0,839,411,639,0,288,0,0,0,0,0,0,0,52,11697
WLF11,20,10,10,Watch_Lane_Flash,Mere,SL,,53.142315,-2.410234,12S,0,0,21,0,0,0,0,0,0,0,0,0,0,4,0,0,0,0,0,0,0,0,0,0,0,0,0,0,884
WLF12,20,10,10,Watch_Lane_Flash,Mere,SL,,53.141456,-2.409824,12S,0,0,2067,3,4,0,267,0,0,0,0,0,0,780,0,0,0,0,0,0,0,0,0,0,0,0,0,103,9797
WLF13,20,10,10,Watch_Lane_Flash,Mere,SL,,53.140736,-2.409484,12S,0,0,3700,10,18,0,36,0,0,0,0,0,0,1124,0,0,0,522,0,0,0,0,0,0,0,0,0,341,9395
WLF14,20,10,10,Watch_Lane_Flash,Mere,SL,,53.139676,-2.408403,12S,0,0,3481,4,6,0,0,55,43,0,0,0,0,1323,0,0,0,0,0,122,0,0,0,0,0,0,0,19,48875
WLF15,20,10,10,Watch_Lane_Flash,Mere,SL,,53.140521,-2.407263,12S,55,0,2106,6,4,0,181,52,0,0,3,0,10,812,0,32,0,298,0,11,0,0,0,0,0,0,0,0,17262
WLF16,20,10,10,Watch_Lane_Flash,Mere,SL,,53.141399,-2.406064,12S,0,20,1317,3,4,0,13,118,0,0,0,0,0,304,0,0,0,468,0,229,0,0,0,0,0,0,0,358,16573
WLF17,20,10,10,Watch_Lane_Flash,Mere,SL,,53.141629,-2.404217,12S,5,6,1213,6,0,0,90,120,130,0,0,0,28,459,0,0,0,0,0,214,0,0,0,0,0,0,0,1000,8859
WLF18,20,10,10,Watch_Lane_Flash,Mere,SL,,53.14286,-2.40477,12S,0,10,444,0,0,0,6,64,0,0,0,0,0,75,0,0,0,69,0,124,0,0,0,0,0,0,10,653,6766
WLF19,20,10,10,Watch_Lane_Flash,Mere,SL,,53.142133,-2.406857,12S,0,9,1258,0,0,0,203,285,0,0,0,0,0,50,0,0,0,0,0,310,0,0,0,0,0,0,0,41,8908
WLF20,20,10,10,Watch_Lane_Flash,Mere,SL,,53.142659,-2.408304,12S,0,6,3025,24,5,0,19,343,0,0,5,0,257,3277,0,0,0,916,0,81,0,0,0,0,0,0,0,880,34462
WLFB1,,,,Watch_Lane_Flash,Mere,Control,Blank1,,,12S,0,7,16,0,0,0,0,0,0,0,0,0,0,3,0,0,0,4,0,0,0,0,0,364,0,0,0,0,254
WLFB2,,,,Watch_Lane_Flash,Mere,Control,Blank2,,,12S,0,0,11,0,0,0,0,0,0,0,0,0,0,5,0,0,0,516,0,0,0,0,0,0,0,0,0,0,267
WLFNEG,,,,Watch_Lane_Flash,Mere,Control,Neg1,,,12S,0,9,7,0,0,0,0,0,0,0,0,0,0,3,0,0,0,0,0,0,0,0,0,0,0,0,0,0,32
WLFPOS,,,,Watch_Lane_Flash,Mere,Control,POS1,,,12S,0,18894,9,572,0,0,0,0,5,0,421,0,0,8,0,0,222,3,0,0,0,0,0,0,0,0,0,0,12599
TRA01,20,0,20,Llyn_Traffwll,Lake,SL,,53.264811,-4.518064,12S,0,0,0,0,0,0,0,0,0,0,0,0,0,0,0,0,0,0,0,251,0,0,0,0,0,0,0,0,5590
TRA02,20,0,20,Llyn_Traffwll,Lake,SL,,53.262942,-4.518063,12S,0,0,0,0,0,0,0,0,0,0,0,0,0,11,0,0,0,0,0,3725,7,0,0,0,0,0,0,0,11353
TRA03,20,0,20,Llyn_Traffwll,Lake,SL,,53.262214,-4.517057,12S,447,0,0,7,0,0,0,0,0,6,0,0,0,1629,1392,0,0,0,0,13392,23,0,0,0,0,0,0,25,17139
TRA04,20,0,20,Llyn_Traffwll,Lake,SL,,53.262512,-4.515813,12S,25,0,0,0,0,0,0,0,0,0,0,0,0,175,0,0,0,0,0,289,0,0,0,0,0,0,0,0,24611
TRA05,20,0,20,Llyn_Traffwll,Lake,SL,,53.26179,-4.515936,12S,0,0,0,0,0,0,0,0,0,0,0,0,0,62,0,0,0,0,0,1840,3,0,0,0,0,0,0,141,36146
TRA06,20,0,20,Llyn_Traffwll,Lake,SL,,53.260452,-4.514699,12S,0,0,0,0,0,0,0,0,0,0,0,0,0,0,0,0,0,0,0,2528,99,0,0,0,0,0,0,0,1777
TRA07,20,0,20,Llyn_Traffwll,Lake,SL,,53.260482,-4.514299,12S,0,0,0,0,0,0,0,0,0,0,0,0,0,0,0,0,0,0,0,7730,38,0,0,0,0,0,0,519,15696
TRA08,20,0,20,Llyn_Traffwll,Lake,SL,,53.26018,-4.513459,12S,342,9,0,0,0,0,0,0,0,0,0,0,0,17,0,0,0,0,0,17728,1162,0,0,87,0,0,0,14,27979
TRA09,20,0,20,Llyn_Traffwll,Lake,SL,,53.259747,-4.511469,12S,128,0,0,9,0,0,0,0,0,0,0,0,0,1110,0,0,0,0,0,8420,93,0,0,0,0,0,0,35,12314
TRA10,20,0,20,Llyn_Traffwll,Lake,SL,,53.260149,-4.50926,12S,0,0,0,20,0,0,0,0,0,0,0,0,0,2276,0,0,0,0,0,1381,3,0,0,0,0,0,0,4,12639
TRA11,20,0,20,Llyn_Traffwll,Lake,SL,,53.262101,-4.509745,12S,0,0,0,0,0,0,0,0,0,0,0,0,0,0,0,0,0,0,0,1162,0,0,0,0,0,0,0,0,14906
TRA12,20,0,20,Llyn_Traffwll,Lake,SL,,53.263121,-4.50813,12S,0,0,0,0,0,0,0,0,0,0,0,0,0,4,0,0,0,0,0,272,0,0,0,0,0,0,0,934,48442
TRA13,20,0,20,Llyn_Traffwll,Lake,SL,,53.262638,-4.505954,12S,148,0,0,0,0,0,0,0,0,0,0,0,0,56,0,0,0,0,0,1528,0,0,0,0,0,0,0,107,15432
TRA14,20,0,20,Llyn_Traffwll,Lake,SL,,53.263998,-4.505627,12S,57,0,0,0,0,0,0,0,0,0,0,0,0,0,0,0,0,0,0,247,0,0,0,154,0,0,0,0,27473
TRA15,20,0,20,Llyn_Traffwll,Lake,SL,,53.265439,-4.50546,12S,158,0,0,0,0,0,0,0,0,0,0,0,0,57,0,0,0,0,0,596,0,0,0,0,0,0,0,11,25543
TRA16,20,0,20,Llyn_Traffwll,Lake,SL,,53.267021,-4.506292,12S,114,18,0,0,0,0,0,0,0,0,0,0,0,0,0,0,0,0,0,291,0,0,0,164,0,0,0,252,14660
TRA17,20,0,20,Llyn_Traffwll,Lake,SL,,53.266537,-4.508344,12S,0,4,0,0,0,0,0,0,0,0,0,0,0,91,0,0,0,0,0,408,0,0,0,740,0,0,0,12,7590
TRA18,20,0,20,Llyn_Traffwll,Lake,SL,,53.265329,-4.510557,12S,3,5,0,0,0,0,0,0,0,0,0,0,0,0,0,0,0,0,0,94,0,0,0,0,0,0,0,23,47291
TRA19,20,0,20,Llyn_Traffwll,Lake,SL,,53.264968,-4.513308,12S,0,8,0,0,0,0,0,0,0,0,0,0,0,85,4,0,0,0,0,375,0,0,0,22,0,0,0,4,20216
TRA20,20,0,20,Llyn_Traffwll,Lake,SL,,53.265029,-4.515169,12S,282,0,0,0,0,0,0,0,0,0,0,0,0,142,0,0,0,0,0,189,0,0,0,0,0,0,0,0,18926
TRAB1,,,,Llyn_Traffwll,Lake,Control,Blank1,,,12S,0,3,0,0,0,0,0,0,0,0,0,0,0,0,0,0,0,0,0,3,0,0,0,0,0,0,0,0,175
TRAB2,,,,Llyn_Traffwll,Lake,Control,Blank2,,,12S,0,0,0,0,0,0,0,0,0,0,0,0,0,0,0,0,0,0,0,8,0,0,0,0,0,0,0,0,85
TRANEG,,,,Llyn_Traffwll,Lake,Control,Neg1,,,12S,0,3,0,0,0,0,0,0,0,0,0,0,0,0,0,0,0,0,0,10,0,0,0,0,0,0,0,0,97
TRAPOS,,,,Llyn_Traffwll,Lake,Control,POS1,,,12S,0,6609,0,229,0,0,0,0,6,0,33,0,0,0,0,0,0,0,0,26,0,0,0,0,0,0,0,0,3505
